ticker,source,output,all_rows,experiment_rows,first_date,last_date
AAPL,data/acl18/price/AAPL.csv,data/derived/acl18_melody70_indicators_v1/price/AAPL.csv,652,504,2013-06-03,2015-12-31
ABB,data/acl18/price/ABB.csv,data/derived/acl18_melody70_indicators_v1/price/ABB.csv,652,504,2013-06-03,2015-12-31
ABBV,data/acl18/price/ABBV.csv,data/derived/acl18_melody70_indicators_v1/price/ABBV.csv,652,504,2013-06-03,2015-12-31
AEP,data/acl18/price/AEP.csv,data/derived/acl18_melody70_indicators_v1/price/AEP.csv,652,504,2013-06-03,2015-12-31
AMGN,data/acl18/price/AMGN.csv,data/derived/acl18_melody70_indicators_v1/price/AMGN.csv,652,504,2013-06-03,2015-12-31
BA,data/acl18/price/BA.csv,data/derived/acl18_melody70_indicators_v1/price/BA.csv,652,504,2013-06-03,2015-12-31
BAC,data/acl18/price/BAC.csv,data/derived/acl18_melody70_indicators_v1/price/BAC.csv,652,504,2013-06-03,2015-12-31
BBL,data/acl18/price/BBL.csv,data/derived/acl18_melody70_indicators_v1/price/BBL.csv,652,504,2013-06-03,2015-12-31
BCH,data/acl18/price/BCH.csv,data/derived/acl18_melody70_indicators_v1/price/BCH.csv,652,504,2013-06-03,2015-12-31
BHP,data/acl18/price/BHP.csv,data/derived/acl18_melody70_indicators_v1/price/BHP.csv,652,504,2013-06-03,2015-12-31
BP,data/acl18/price/BP.csv,data/derived/acl18_melody70_indicators_v1/price/BP.csv,652,504,2013-06-03,2015-12-31
BRK-A,data/acl18/price/BRK-A.csv,data/derived/acl18_melody70_indicators_v1/price/BRK-A.csv,652,504,2013-06-03,2015-12-31
BSAC,data/acl18/price/BSAC.csv,data/derived/acl18_melody70_indicators_v1/price/BSAC.csv,652,504,2013-06-03,2015-12-31
BUD,data/acl18/price/BUD.csv,data/derived/acl18_melody70_indicators_v1/price/BUD.csv,652,504,2013-06-03,2015-12-31
C,data/acl18/price/C.csv,data/derived/acl18_melody70_indicators_v1/price/C.csv,652,504,2013-06-03,2015-12-31
CAT,data/acl18/price/CAT.csv,data/derived/acl18_melody70_indicators_v1/price/CAT.csv,652,504,2013-06-03,2015-12-31
CELG,data/acl18/price/CELG.csv,data/derived/acl18_melody70_indicators_v1/price/CELG.csv,652,504,2013-06-03,2015-12-31
CHL,data/acl18/price/CHL.csv,data/derived/acl18_melody70_indicators_v1/price/CHL.csv,652,504,2013-06-03,2015-12-31
CSCO,data/acl18/price/CSCO.csv,data/derived/acl18_melody70_indicators_v1/price/CSCO.csv,652,504,2013-06-03,2015-12-31
CVX,data/acl18/price/CVX.csv,data/derived/acl18_melody70_indicators_v1/price/CVX.csv,652,504,2013-06-03,2015-12-31
D,data/acl18/price/D.csv,data/derived/acl18_melody70_indicators_v1/price/D.csv,652,504,2013-06-03,2015-12-31
DHR,data/acl18/price/DHR.csv,data/derived/acl18_melody70_indicators_v1/price/DHR.csv,652,504,2013-06-03,2015-12-31
DUK,data/acl18/price/DUK.csv,data/derived/acl18_melody70_indicators_v1/price/DUK.csv,652,504,2013-06-03,2015-12-31
EXC,data/acl18/price/EXC.csv,data/derived/acl18_melody70_indicators_v1/price/EXC.csv,652,504,2013-06-03,2015-12-31
FB,data/acl18/price/FB.csv,data/derived/acl18_melody70_indicators_v1/price/FB.csv,652,504,2013-06-03,2015-12-31
GD,data/acl18/price/GD.csv,data/derived/acl18_melody70_indicators_v1/price/GD.csv,652,504,2013-06-03,2015-12-31
GE,data/acl18/price/GE.csv,data/derived/acl18_melody70_indicators_v1/price/GE.csv,652,504,2013-06-03,2015-12-31
GOOG,data/acl18/price/GOOG.csv,data/derived/acl18_melody70_indicators_v1/price/GOOG.csv,652,504,2013-06-03,2015-12-31
HON,data/acl18/price/HON.csv,data/derived/acl18_melody70_indicators_v1/price/HON.csv,652,504,2013-06-03,2015-12-31
HSBC,data/acl18/price/HSBC.csv,data/derived/acl18_melody70_indicators_v1/price/HSBC.csv,652,504,2013-06-03,2015-12-31
INTC,data/acl18/price/INTC.csv,data/derived/acl18_melody70_indicators_v1/price/INTC.csv,652,504,2013-06-03,2015-12-31
JNJ,data/acl18/price/JNJ.csv,data/derived/acl18_melody70_indicators_v1/price/JNJ.csv,652,504,2013-06-03,2015-12-31
JPM,data/acl18/price/JPM.csv,data/derived/acl18_melody70_indicators_v1/price/JPM.csv,652,504,2013-06-03,2015-12-31
KO,data/acl18/price/KO.csv,data/derived/acl18_melody70_indicators_v1/price/KO.csv,652,504,2013-06-03,2015-12-31
LMT,data/acl18/price/LMT.csv,data/derived/acl18_melody70_indicators_v1/price/LMT.csv,652,504,2013-06-03,2015-12-31
MA,data/acl18/price/MA.csv,data/derived/acl18_melody70_indicators_v1/price/MA.csv,652,504,2013-06-03,2015-12-31
MDT,data/acl18/price/MDT.csv,data/derived/acl18_melody70_indicators_v1/price/MDT.csv,652,504,2013-06-03,2015-12-31
MMM,data/acl18/price/MMM.csv,data/derived/acl18_melody70_indicators_v1/price/MMM.csv,652,504,2013-06-03,2015-12-31
MO,data/acl18/price/MO.csv,data/derived/acl18_melody70_indicators_v1/price/MO.csv,652,504,2013-06-03,2015-12-31
MRK,data/acl18/price/MRK.csv,data/derived/acl18_melody70_indicators_v1/price/MRK.csv,652,504,2013-06-03,2015-12-31
MSFT,data/acl18/price/MSFT.csv,data/derived/acl18_melody70_indicators_v1/price/MSFT.csv,652,504,2013-06-03,2015-12-31
NEE,data/acl18/price/NEE.csv,data/derived/acl18_melody70_indicators_v1/price/NEE.csv,652,504,2013-06-03,2015-12-31
NGG,data/acl18/price/NGG.csv,data/derived/acl18_melody70_indicators_v1/price/NGG.csv,652,504,2013-06-03,2015-12-31
NVS,data/acl18/price/NVS.csv,data/derived/acl18_melody70_indicators_v1/price/NVS.csv,652,504,2013-06-03,2015-12-31
ORCL,data/acl18/price/ORCL.csv,data/derived/acl18_melody70_indicators_v1/price/ORCL.csv,652,504,2013-06-03,2015-12-31
PCG,data/acl18/price/PCG.csv,data/derived/acl18_melody70_indicators_v1/price/PCG.csv,652,504,2013-06-03,2015-12-31
PEP,data/acl18/price/PEP.csv,data/derived/acl18_melody70_indicators_v1/price/PEP.csv,652,504,2013-06-03,2015-12-31
PFE,data/acl18/price/PFE.csv,data/derived/acl18_melody70_indicators_v1/price/PFE.csv,652,504,2013-06-03,2015-12-31
PG,data/acl18/price/PG.csv,data/derived/acl18_melody70_indicators_v1/price/PG.csv,652,504,2013-06-03,2015-12-31
PM,data/acl18/price/PM.csv,data/derived/acl18_melody70_indicators_v1/price/PM.csv,652,504,2013-06-03,2015-12-31
PPL,data/acl18/price/PPL.csv,data/derived/acl18_melody70_indicators_v1/price/PPL.csv,652,504,2013-06-03,2015-12-31
PTR,data/acl18/price/PTR.csv,data/derived/acl18_melody70_indicators_v1/price/PTR.csv,652,504,2013-06-03,2015-12-31
RDS-B,data/acl18/price/RDS-B.csv,data/derived/acl18_melody70_indicators_v1/price/RDS-B.csv,652,504,2013-06-03,2015-12-31
SLB,data/acl18/price/SLB.csv,data/derived/acl18_melody70_indicators_v1/price/SLB.csv,652,504,2013-06-03,2015-12-31
SNP,data/acl18/price/SNP.csv,data/derived/acl18_melody70_indicators_v1/price/SNP.csv,652,504,2013-06-03,2015-12-31
SNY,data/acl18/price/SNY.csv,data/derived/acl18_melody70_indicators_v1/price/SNY.csv,652,504,2013-06-03,2015-12-31
SO,data/acl18/price/SO.csv,data/derived/acl18_melody70_indicators_v1/price/SO.csv,652,504,2013-06-03,2015-12-31
SRE,data/acl18/price/SRE.csv,data/derived/acl18_melody70_indicators_v1/price/SRE.csv,652,504,2013-06-03,2015-12-31
T,data/acl18/price/T.csv,data/derived/acl18_melody70_indicators_v1/price/T.csv,652,504,2013-06-03,2015-12-31
TM,data/acl18/price/TM.csv,data/derived/acl18_melody70_indicators_v1/price/TM.csv,652,504,2013-06-03,2015-12-31
TOT,data/acl18/price/TOT.csv,data/derived/acl18_melody70_indicators_v1/price/TOT.csv,652,504,2013-06-03,2015-12-31
TSM,data/acl18/price/TSM.csv,data/derived/acl18_melody70_indicators_v1/price/TSM.csv,652,504,2013-06-03,2015-12-31
UL,data/acl18/price/UL.csv,data/derived/acl18_melody70_indicators_v1/price/UL.csv,652,504,2013-06-03,2015-12-31
UN,data/acl18/price/UN.csv,data/derived/acl18_melody70_indicators_v1/price/UN.csv,652,504,2013-06-03,2015-12-31
UNH,data/acl18/price/UNH.csv,data/derived/acl18_melody70_indicators_v1/price/UNH.csv,652,504,2013-06-03,2015-12-31
UTX,data/acl18/price/UTX.csv,data/derived/acl18_melody70_indicators_v1/price/UTX.csv,652,504,2013-06-03,2015-12-31
V,data/acl18/price/V.csv,data/derived/acl18_melody70_indicators_v1/price/V.csv,652,504,2013-06-03,2015-12-31
VZ,data/acl18/price/VZ.csv,data/derived/acl18_melody70_indicators_v1/price/VZ.csv,652,504,2013-06-03,2015-12-31
WFC,data/acl18/price/WFC.csv,data/derived/acl18_melody70_indicators_v1/price/WFC.csv,652,504,2013-06-03,2015-12-31
XOM,data/acl18/price/XOM.csv,data/derived/acl18_melody70_indicators_v1/price/XOM.csv,652,504,2013-06-03,2015-12-31
